valuta,leto,mesec,menjalni_tecaj
AUD,2016,1,1.54629
AUD,2016,2,1.557452
AUD,2016,3,1.484574
AUD,2016,4,1.479791
AUD,2016,5,1.544764
AUD,2016,6,1.52005
AUD,2016,7,1.470328
AUD,2016,8,1.469515
AUD,2016,9,1.478754
AUD,2016,10,1.449749
AUD,2016,11,1.434336
AUD,2016,12,1.4357
AUD,2017,1,1.427234
AUD,2017,2,1.389636
AUD,2017,3,1.402751
AUD,2017,4,1.419055
AUD,2017,5,1.48624
AUD,2017,6,1.487717
AUD,2017,7,1.478587
AUD,2017,8,1.49258
AUD,2017,9,1.494563
AUD,2017,10,1.508015
AUD,2017,11,1.538774
AUD,2017,12,1.5487
AUD,2018,1,1.533472
AUD,2018,2,1.568239
AUD,2018,3,1.589202
AUD,2018,4,1.598447
AUD,2018,5,1.571905
AUD,2018,6,1.557554
AUD,2018,7,1.578859
AUD,2018,8,1.573678
AUD,2018,9,1.619001
AUD,2018,10,1.618374
AUD,2018,11,1.569425
AUD,2018,12,1.586683
AUD,2019,1,1.597788
AUD,2019,2,1.587329
AUD,2019,3,1.596131
AUD,2019,4,1.5792
AUD,2019,5,1.610731
AUD,2019,6,1.625982
AUD,2019,7,1.606554
AUD,2019,8,1.644524
AUD,2019,9,1.619118
AUD,2019,10,1.626469
AUD,2019,11,1.618582
AUD,2019,12,1.614211
AUD,2020,1,1.615535
AUD,2020,2,1.637327
AUD,2020,3,1.780947
AUD,2020,4,1.72914
AUD,2020,5,1.678094
AUD,2020,6,1.633487
AUD,2020,7,1.630063
AUD,2020,8,1.643235
AUD,2020,9,1.630877
AUD,2020,10,1.650069
AUD,2020,11,1.628483
AUD,2020,12,1.615843
AUD,2021,1,1.576813
AUD,2021,2,1.560399
AUD,2021,3,1.545152
AUD,2021,4,1.553831
AUD,2021,5,1.564604
AUD,2021,6,1.575946
AUD,2021,7,1.591787
AUD,2021,8,1.612371
AUD,2021,9,1.608305
AUD,2021,10,1.569039
AUD,2021,11,1.562046
AUD,2021,12,1.58121
AUD,2022,1,1.57765
AUD,2022,2,1.585087
AUD,2022,3,1.492888
AUD,2022,4,1.469221
AUD,2022,5,1.499169
AUD,2022,6,1.503487
AUD,2022,7,1.487256
AUD,2022,8,1.455425
AUD,2022,9,1.480473
AUD,2022,10,1.546035
AUD,2022,11,1.545858
AUD,2022,12,1.568053
AUD,2023,1,1.551764
AUD,2023,2,1.553145
AUD,2023,3,1.602746
AUD,2023,4,1.641113
AUD,2023,5,1.638083
AUD,2023,6,1.614435
AUD,2023,7,1.643162
AUD,2023,8,1.682628
AUD,2023,9,1.663499
AUD,2023,10,1.663969
AUD,2023,11,1.665392
AUD,2023,12,1.630408
AUD,2024,1,1.641181
AUD,2024,2,1.653318
AUD,2024,3,1.658136
AUD,2024,4,1.648298
AUD,2024,5,1.631717
AUD,2024,6,1.620976
AUD,2024,7,1.624561
AUD,2024,8,1.657416
AUD,2024,9,1.641575
AUD,2024,10,1.624146
AUD,2024,11,1.62799
AUD,2024,12,1.654322
AUD,2025,1,1.662776
AUD,2025,2,1.652759
AUD,2025,3,1.713898
AUD,2025,4,1.786686
AUD,2025,5,1.752006
AUD,2025,6,1.773196
AUD,2025,7,1.786988
AUD,2025,8,1.793072
AUD,2025,9,1.780185
AUD,2025,10,1.781009
AUD,2025,11,1.776928
AUD,2025,12,1.762742
BRL,2016,1,4.392585
BRL,2016,2,4.407694
BRL,2016,3,4.116028
BRL,2016,4,4.034305
BRL,2016,5,3.995248
BRL,2016,6,3.861761
BRL,2016,7,3.620391
BRL,2016,8,3.593788
BRL,2016,9,3.645048
BRL,2016,10,3.528117
BRL,2016,11,3.614532
BRL,2016,12,3.541449
BRL,2017,1,3.399713
BRL,2017,2,3.308105
BRL,2017,3,3.419948
BRL,2017,4,3.362057
BRL,2017,5,3.540001
BRL,2017,6,3.696218
BRL,2017,7,3.69789
BRL,2017,8,3.726779
BRL,2017,9,3.730307
BRL,2017,10,3.746594
BRL,2017,11,3.829504
BRL,2017,12,3.902255
BRL,2018,1,3.914349
BRL,2018,2,4.009741
BRL,2018,3,4.039922
BRL,2018,4,4.176149
BRL,2018,5,4.288502
BRL,2018,6,4.403002
BRL,2018,7,4.470242
BRL,2018,8,4.514944
BRL,2018,9,4.775615
BRL,2018,10,4.333778
BRL,2018,11,4.287048
BRL,2018,12,4.422776
BRL,2019,1,4.279866
BRL,2019,2,4.218886
BRL,2019,3,4.340646
BRL,2019,4,4.380321
BRL,2019,5,4.473756
BRL,2019,6,4.366948
BRL,2019,7,4.242699
BRL,2019,8,4.465692
BRL,2019,9,4.539745
BRL,2019,10,4.516144
BRL,2019,11,4.58748
BRL,2019,12,4.570547
BRL,2020,1,4.591524
BRL,2020,2,4.739706
BRL,2020,3,5.384112
BRL,2020,4,5.769856
BRL,2020,5,6.136514
BRL,2020,6,5.838874
BRL,2020,7,6.0608
BRL,2020,8,6.430165
BRL,2020,9,6.36195
BRL,2020,10,6.620594
BRL,2020,11,6.448164
BRL,2020,12,6.261334
BRL,2021,1,6.510253
BRL,2021,2,6.546074
BRL,2021,3,6.716788
BRL,2021,4,6.675552
BRL,2021,5,6.442429
BRL,2021,6,6.071291
BRL,2021,7,6.096979
BRL,2021,8,6.187322
BRL,2021,9,6.200702
BRL,2021,10,6.411114
BRL,2021,11,6.340499
BRL,2021,12,6.395199
BRL,2022,1,6.264369
BRL,2022,2,5.903407
BRL,2022,3,5.489884
BRL,2022,4,5.130944
BRL,2022,5,5.237953
BRL,2022,6,5.324419
BRL,2022,7,5.468893
BRL,2022,8,5.200564
BRL,2022,9,5.179196
BRL,2022,10,5.181221
BRL,2022,11,5.389287
BRL,2022,12,5.550385
BRL,2023,1,5.60163
BRL,2023,2,5.54217
BRL,2023,3,5.584851
BRL,2023,4,5.508313
BRL,2023,5,5.413352
BRL,2023,6,5.268016
BRL,2023,7,5.305896
BRL,2023,8,5.347855
BRL,2023,9,5.283441
BRL,2023,10,5.348801
BRL,2023,11,5.300834
BRL,2023,12,5.345925
BRL,2024,1,5.355498
BRL,2024,2,5.357921
BRL,2024,3,5.414753
BRL,2024,4,5.492283
BRL,2024,5,5.549964
BRL,2024,6,5.796158
BRL,2024,7,6.010986
BRL,2024,8,6.12015
BRL,2024,9,6.160247
BRL,2024,10,6.117743
BRL,2024,11,6.171435
BRL,2024,12,6.38839
BRL,2025,1,6.257261
BRL,2025,2,6.002165
BRL,2025,3,6.220821
BRL,2025,4,6.48896
BRL,2025,5,6.390609
BRL,2025,6,6.393575
BRL,2025,7,6.465256
BRL,2025,8,6.348653
BRL,2025,9,6.299421
BRL,2025,10,6.280095
BRL,2025,11,6.179472
BRL,2025,12,6.396172
CAD,2016,1,1.54094
CAD,2016,2,1.532067
CAD,2016,3,1.471991
CAD,2016,4,1.455977
CAD,2016,5,1.461739
CAD,2016,6,1.450009
CAD,2016,7,1.441697
CAD,2016,8,1.455986
CAD,2016,9,1.46706
CAD,2016,10,1.462102
CAD,2016,11,1.452595
CAD,2016,12,1.406682
CAD,2017,1,1.404872
CAD,2017,2,1.394443
CAD,2017,3,1.431018
CAD,2017,4,1.437596
CAD,2017,5,1.502792
CAD,2017,6,1.495956
CAD,2017,7,1.464739
CAD,2017,8,1.489621
CAD,2017,9,1.465086
CAD,2017,10,1.479358
CAD,2017,11,1.497061
CAD,2017,12,1.511406
CAD,2018,1,1.515741
CAD,2018,2,1.551349
CAD,2018,3,1.593483
CAD,2018,4,1.564866
CAD,2018,5,1.522392
CAD,2018,6,1.530984
CAD,2018,7,1.535456
CAD,2018,8,1.505281
CAD,2018,9,1.518271
CAD,2018,10,1.495972
CAD,2018,11,1.499154
CAD,2018,12,1.528797
CAD,2019,1,1.520788
CAD,2019,2,1.498456
CAD,2019,3,1.510091
CAD,2019,4,1.503013
CAD,2019,5,1.50538
CAD,2019,6,1.502511
CAD,2019,7,1.46991
CAD,2019,8,1.47695
CAD,2019,9,1.459104
CAD,2019,10,1.457752
CAD,2019,11,1.463187
CAD,2019,12,1.463455
CAD,2020,1,1.451868
CAD,2020,2,1.449696
CAD,2020,3,1.539018
CAD,2020,4,1.528306
CAD,2020,5,1.526719
CAD,2020,6,1.525918
CAD,2020,7,1.545982
CAD,2020,8,1.566988
CAD,2020,9,1.557715
CAD,2020,10,1.554454
CAD,2020,11,1.549354
CAD,2020,12,1.558717
CAD,2021,1,1.548811
CAD,2021,2,1.536136
CAD,2021,3,1.497567
CAD,2021,4,1.495375
CAD,2021,5,1.472993
CAD,2021,6,1.472409
CAD,2021,7,1.479352
CAD,2021,8,1.482967
CAD,2021,9,1.491928
CAD,2021,10,1.444403
CAD,2021,11,1.433911
CAD,2021,12,1.447545
CAD,2022,1,1.430042
CAD,2022,2,1.443655
CAD,2022,3,1.393353
CAD,2022,4,1.36715
CAD,2022,5,1.358263
CAD,2022,6,1.354634
CAD,2022,7,1.319432
CAD,2022,8,1.307563
CAD,2022,9,1.318012
CAD,2022,10,1.34851
CAD,2022,11,1.369135
CAD,2022,12,1.438755
CAD,2023,1,1.447371
CAD,2023,2,1.439621
CAD,2023,3,1.465936
CAD,2023,4,1.480787
CAD,2023,5,1.470923
CAD,2023,6,1.441078
CAD,2023,7,1.462237
CAD,2023,8,1.470456
CAD,2023,9,1.447695
CAD,2023,10,1.447688
CAD,2023,11,1.482636
CAD,2023,12,1.464666
CAD,2024,1,1.463837
CAD,2024,2,1.456058
CAD,2024,3,1.471605
CAD,2024,4,1.46641
CAD,2024,5,1.477309
CAD,2024,6,1.474954
CAD,2024,7,1.487579
CAD,2024,8,1.506149
CAD,2024,9,1.504434
CAD,2024,10,1.498777
CAD,2024,11,1.48624
CAD,2024,12,1.492934
CAD,2025,1,1.490021
CAD,2025,2,1.489517
CAD,2025,3,1.549248
CAD,2025,4,1.569364
CAD,2025,5,1.563081
CAD,2025,6,1.575718
CAD,2025,7,1.599875
CAD,2025,8,1.606968
CAD,2025,9,1.622563
CAD,2025,10,1.629633
CAD,2025,11,1.624429
CAD,2025,12,1.615446
CHF,2016,1,1.093403
CHF,2016,2,1.101376
CHF,2016,3,1.092643
CHF,2016,4,1.093084
CHF,2016,5,1.105938
CHF,2016,6,1.090194
CHF,2016,7,1.085806
CHF,2016,8,1.088213
CHF,2016,9,1.092378
CHF,2016,10,1.088143
CHF,2016,11,1.075059
CHF,2016,12,1.074736
CHF,2017,1,1.071748
CHF,2017,2,1.066206
CHF,2017,3,1.071593
CHF,2017,4,1.071982
CHF,2017,5,1.090046
CHF,2017,6,1.087033
CHF,2017,7,1.105933
CHF,2017,8,1.140511
CHF,2017,9,1.145942
CHF,2017,10,1.153503
CHF,2017,11,1.163854
CHF,2017,12,1.168157
CHF,2018,1,1.172573
CHF,2018,2,1.15366
CHF,2018,3,1.168181
CHF,2018,4,1.188241
CHF,2018,5,1.179889
CHF,2018,6,1.155722
CHF,2018,7,1.162578
CHF,2018,8,1.142129
CHF,2018,9,1.128024
CHF,2018,10,1.141959
CHF,2018,11,1.137891
CHF,2018,12,1.12878
CHF,2019,1,1.129255
CHF,2019,2,1.136602
CHF,2019,3,1.130369
CHF,2019,4,1.132237
CHF,2019,5,1.131525
CHF,2019,6,1.116542
CHF,2019,7,1.108382
CHF,2019,8,1.089901
CHF,2019,9,1.091001
CHF,2019,10,1.097763
CHF,2019,11,1.09785
CHF,2019,12,1.092717
CHF,2020,1,1.077454
CHF,2020,2,1.065293
CHF,2020,3,1.059864
CHF,2020,4,1.054764
CHF,2020,5,1.0582
CHF,2020,6,1.071781
CHF,2020,7,1.06988
CHF,2020,8,1.07657
CHF,2020,9,1.078883
CHF,2020,10,1.074297
CHF,2020,11,1.077533
CHF,2020,12,1.081372
CHF,2021,1,1.079985
CHF,2021,2,1.085636
CHF,2021,3,1.107006
CHF,2021,4,1.103903
CHF,2021,5,1.096278
CHF,2021,6,1.093477
CHF,2021,7,1.085629
CHF,2021,8,1.07608
CHF,2021,9,1.086164
CHF,2021,10,1.070978
CHF,2021,11,1.05193
CHF,2021,12,1.040562
CHF,2022,1,1.039907
CHF,2022,2,1.047112
CHF,2022,3,1.02305
CHF,2022,4,1.021797
CHF,2022,5,1.03577
CHF,2022,6,1.025839
CHF,2022,7,0.988016
CHF,2022,8,0.968655
CHF,2022,9,0.964617
CHF,2022,10,0.978331
CHF,2022,11,0.984468
CHF,2022,12,0.987519
CHF,2023,1,0.996432
CHF,2023,2,0.99158
CHF,2023,3,0.991718
CHF,2023,4,0.987542
CHF,2023,5,0.976776
CHF,2023,6,0.976056
CHF,2023,7,0.967367
CHF,2023,8,0.958539
CHF,2023,9,0.95957
CHF,2023,10,0.954888
CHF,2023,11,0.964427
CHF,2023,12,0.944309
CHF,2024,1,0.936168
CHF,2024,2,0.945807
CHF,2024,3,0.965536
CHF,2024,4,0.975499
CHF,2024,5,0.983011
CHF,2024,6,0.962854
CHF,2024,7,0.968389
CHF,2024,8,0.945547
CHF,2024,9,0.940998
CHF,2024,10,0.938656
CHF,2024,11,0.936267
CHF,2024,12,0.933856
CHF,2025,1,0.941616
CHF,2025,2,0.941449
CHF,2025,3,0.954665
CHF,2025,4,0.936849
CHF,2025,5,0.935177
CHF,2025,6,0.937963
CHF,2025,7,0.932839
CHF,2025,8,0.938402
CHF,2025,9,0.934813
CHF,2025,10,0.928671
CHF,2025,11,0.929556
CHF,2025,12,0.93299
CNY,2016,1,7.130697
CNY,2016,2,7.27591
CNY,2016,3,7.237134
CNY,2016,4,7.343875
CNY,2016,5,7.376836
CNY,2016,6,7.404236
CNY,2016,7,7.387714
CNY,2016,8,7.449226
CNY,2016,9,7.478379
CNY,2016,10,7.424699
CNY,2016,11,7.384133
CNY,2016,12,7.296744
CNY,2017,1,7.32864
CNY,2017,2,7.31885
CNY,2017,3,7.369759
CNY,2017,4,7.375416
CNY,2017,5,7.609989
CNY,2017,6,7.644003
CNY,2017,7,7.802261
CNY,2017,8,7.888274
CNY,2017,9,7.822219
CNY,2017,10,7.792624
CNY,2017,11,7.773166
CNY,2017,12,7.806164
CNY,2018,1,7.839975
CNY,2018,2,7.808135
CNY,2018,3,7.796012
CNY,2018,4,7.733027
CNY,2018,5,7.5351
CNY,2018,6,7.53954
CNY,2018,7,7.845807
CNY,2018,8,7.8991
CNY,2018,9,7.98517
CNY,2018,10,7.952165
CNY,2018,11,7.886536
CNY,2018,12,7.839751
CNY,2019,1,7.761194
CNY,2019,2,7.652778
CNY,2019,3,7.58807
CNY,2019,4,7.5433
CNY,2019,5,7.662806
CNY,2019,6,7.792153
CNY,2019,7,7.721318
CNY,2019,8,7.850639
CNY,2019,9,7.839626
CNY,2019,10,7.845901
CNY,2019,11,7.763776
CNY,2019,12,7.788746
CNY,2020,1,7.691252
CNY,2020,2,7.63608
CNY,2020,3,7.772722
CNY,2020,4,7.688124
CNY,2020,5,7.753108
CNY,2020,6,7.970795
CNY,2020,7,8.023829
CNY,2020,8,8.200393
CNY,2020,9,8.038428
CNY,2020,10,7.917523
CNY,2020,11,7.820213
CNY,2020,12,7.957168
CNY,2021,1,7.883512
CNY,2021,2,7.81781
CNY,2021,3,7.752726
CNY,2021,4,7.800003
CNY,2021,5,7.80932
CNY,2021,6,7.737389
CNY,2021,7,7.658965
CNY,2021,8,7.62615
CNY,2021,9,7.606113
CNY,2021,10,7.450887
CNY,2021,11,7.292656
CNY,2021,12,7.201201
CNY,2022,1,7.197874
CNY,2022,2,7.195735
CNY,2022,3,6.985231
CNY,2022,4,6.953073
CNY,2022,5,7.076905
CNY,2022,6,7.078291
CNY,2022,7,6.867735
CNY,2022,8,6.879642
CNY,2022,9,6.942921
CNY,2022,10,7.061433
CNY,2022,11,7.31756
CNY,2022,12,7.388989
CNY,2023,1,7.32754
CNY,2023,2,7.321707
CNY,2023,3,7.380593
CNY,2023,4,7.556042
CNY,2023,5,7.596858
CNY,2023,6,7.747797
CNY,2023,7,7.949497
CNY,2023,8,7.894031
CNY,2023,9,7.779605
CNY,2023,10,7.6873
CNY,2023,11,7.800755
CNY,2023,12,7.779211
CNY,2024,1,7.786822
CNY,2024,2,7.756798
CNY,2024,3,7.828653
CNY,2024,4,7.76228
CNY,2024,5,7.816394
CNY,2024,6,7.808552
CNY,2024,7,7.880616
CNY,2024,8,7.877148
CNY,2024,9,7.859616
CNY,2024,10,7.721656
CNY,2024,11,7.659638
CNY,2024,12,7.627919
CNY,2025,1,7.555082
CNY,2025,2,7.568417
CNY,2025,3,7.822826
CNY,2025,4,8.181258
CNY,2025,5,8.14107
CNY,2025,6,8.272705
CNY,2025,7,8.389631
CNY,2025,8,8.357867
CNY,2025,9,8.359084
CNY,2025,10,8.294134
CNY,2025,11,8.215974
CNY,2025,12,8.253057
GBP,2016,1,0.753447
GBP,2016,2,0.775537
GBP,2016,3,0.78077
GBP,2016,4,0.793224
GBP,2016,5,0.778527
GBP,2016,6,0.790254
GBP,2016,7,0.840664
GBP,2016,8,0.855547
GBP,2016,9,0.851773
GBP,2016,10,0.892536
GBP,2016,11,0.86775
GBP,2016,12,0.8442
GBP,2017,1,0.860951
GBP,2017,2,0.852979
GBP,2017,3,0.866766
GBP,2017,4,0.847937
GBP,2017,5,0.855072
GBP,2017,6,0.877441
GBP,2017,7,0.886021
GBP,2017,8,0.911564
GBP,2017,9,0.896091
GBP,2017,10,0.890465
GBP,2017,11,0.88812
GBP,2017,12,0.88312
GBP,2018,1,0.883499
GBP,2018,2,0.88349
GBP,2018,3,0.883217
GBP,2018,4,0.873156
GBP,2018,5,0.877863
GBP,2018,6,0.878224
GBP,2018,7,0.887289
GBP,2018,8,0.896598
GBP,2018,9,0.89377
GBP,2018,10,0.88299
GBP,2018,11,0.881157
GBP,2018,12,0.897525
GBP,2019,1,0.885962
GBP,2019,2,0.873196
GBP,2019,3,0.857935
GBP,2019,4,0.862842
GBP,2019,5,0.869824
GBP,2019,6,0.891128
GBP,2019,7,0.898817
GBP,2019,8,0.916419
GBP,2019,9,0.89229
GBP,2019,10,0.874575
GBP,2019,11,0.858384
GBP,2019,12,0.847743
GBP,2020,1,0.849403
GBP,2020,2,0.841152
GBP,2020,3,0.894515
GBP,2020,4,0.876139
GBP,2020,5,0.887644
GBP,2020,6,0.899128
GBP,2020,7,0.904742
GBP,2020,8,0.900631
GBP,2020,9,0.909816
GBP,2020,10,0.906928
GBP,2020,11,0.896558
GBP,2020,12,0.905909
GBP,2021,1,0.892395
GBP,2021,2,0.872511
GBP,2021,3,0.859129
GBP,2021,4,0.86384
GBP,2021,5,0.863253
GBP,2021,6,0.85899
GBP,2021,7,0.856163
GBP,2021,8,0.853082
GBP,2021,9,0.856609
GBP,2021,10,0.847995
GBP,2021,11,0.848096
GBP,2021,12,0.849898
GBP,2022,1,0.835401
GBP,2022,2,0.838025
GBP,2022,3,0.835792
GBP,2022,4,0.835841
GBP,2022,5,0.848995
GBP,2022,6,0.857614
GBP,2022,7,0.849579
GBP,2022,8,0.845097
GBP,2022,9,0.874735
GBP,2022,10,0.871374
GBP,2022,11,0.869604
GBP,2022,12,0.869674
GBP,2023,1,0.881055
GBP,2023,2,0.887192
GBP,2023,3,0.882663
GBP,2023,4,0.882607
GBP,2023,5,0.8721
GBP,2023,6,0.858182
GBP,2023,7,0.858727
GBP,2023,8,0.858991
GBP,2023,9,0.861671
GBP,2023,10,0.868054
GBP,2023,11,0.870993
GBP,2023,12,0.862057
GBP,2024,1,0.858961
GBP,2024,2,0.854495
GBP,2024,3,0.855485
GBP,2024,4,0.857101
GBP,2024,5,0.855836
GBP,2024,6,0.847041
GBP,2024,7,0.843565
GBP,2024,8,0.851587
GBP,2024,9,0.840749
GBP,2024,10,0.834922
GBP,2024,11,0.833933
GBP,2024,12,0.828986
GBP,2025,1,0.83792
GBP,2025,2,0.831329
GBP,2025,3,0.837048
GBP,2025,4,0.854413
GBP,2025,5,0.844208
GBP,2025,6,0.849699
GBP,2025,7,0.865694
GBP,2025,8,0.866072
GBP,2025,9,0.869073
GBP,2025,10,0.871058
GBP,2025,11,0.879864
GBP,2025,12,0.874873
JPY,2016,1,128.736021
JPY,2016,2,127.48885
JPY,2016,3,125.668025
JPY,2016,4,124.490965
JPY,2016,5,122.97088
JPY,2016,6,118.655988
JPY,2016,7,114.859636
JPY,2016,8,113.439407
JPY,2016,9,114.363846
JPY,2016,10,114.380464
JPY,2016,11,116.872876
JPY,2016,12,122.274284
JPY,2017,1,122.330496
JPY,2017,2,120.304829
JPY,2017,3,120.864892
JPY,2017,4,117.921156
JPY,2017,5,123.971414
JPY,2017,6,124.399832
JPY,2017,7,129.435471
JPY,2017,8,129.723207
JPY,2017,9,131.863763
JPY,2017,10,132.721845
JPY,2017,11,132.441348
JPY,2017,12,133.695274
JPY,2018,1,135.352562
JPY,2018,2,133.408023
JPY,2018,3,130.698469
JPY,2018,4,132.030882
JPY,2018,5,129.791044
JPY,2018,6,128.463456
JPY,2018,7,130.200509
JPY,2018,8,128.126965
JPY,2018,9,130.426049
JPY,2018,10,129.631922
JPY,2018,11,128.738706
JPY,2018,12,127.676448
JPY,2019,1,124.444671
JPY,2019,2,125.18276
JPY,2019,3,125.632247
JPY,2019,4,125.478141
JPY,2019,5,123.189232
JPY,2019,6,122.065407
JPY,2019,7,121.481377
JPY,2019,8,118.256355
JPY,2019,9,118.395129
JPY,2019,10,119.493495
JPY,2019,11,120.331892
JPY,2019,12,121.260369
JPY,2020,1,121.368141
JPY,2020,2,120.015469
JPY,2020,3,119.209852
JPY,2020,4,117.251644
JPY,2020,5,117.078362
JPY,2020,6,121.097954
JPY,2020,7,122.209972
JPY,2020,8,125.334965
JPY,2020,9,124.57849
JPY,2020,10,123.85675
JPY,2020,11,123.48128
JPY,2020,12,126.233965
JPY,2021,1,126.253474
JPY,2021,2,127.474107
JPY,2021,3,129.43832
JPY,2021,4,130.433868
JPY,2021,5,132.539419
JPY,2021,6,132.629113
JPY,2021,7,130.458207
JPY,2021,8,129.299603
JPY,2021,9,129.693603
JPY,2021,10,131.128865
JPY,2021,11,130.112393
JPY,2021,12,128.626448
JPY,2022,1,130.060475
JPY,2022,2,130.725201
JPY,2022,3,130.425374
JPY,2022,4,136.519904
JPY,2022,5,136.18943
JPY,2022,6,141.576944
JPY,2022,7,139.238498
JPY,2022,8,136.942411
JPY,2022,9,141.614324
JPY,2022,10,144.426938
JPY,2022,11,145.106401
JPY,2022,12,142.867939
JPY,2023,1,140.371684
JPY,2023,2,142.430632
JPY,2023,3,143.111832
JPY,2023,4,146.460696
JPY,2023,5,149.268187
JPY,2023,6,152.972992
JPY,2023,7,156.114334
JPY,2023,8,157.925229
JPY,2023,9,157.812323
JPY,2023,10,157.957885
JPY,2023,11,162.041935
JPY,2023,12,157.088158
JPY,2024,1,159.359556
JPY,2024,2,161.389632
JPY,2024,3,162.754351
JPY,2024,4,165.005932
JPY,2024,5,168.344127
JPY,2024,6,170.076212
JPY,2024,7,171.350449
JPY,2024,8,161.182321
JPY,2024,9,158.997813
JPY,2024,10,163.194525
JPY,2024,11,163.263344
JPY,2024,12,161.16439
JPY,2025,1,162.139501
JPY,2025,2,158.109055
JPY,2025,3,160.9393
JPY,2025,4,161.975259
JPY,2025,5,163.173452
JPY,2025,6,166.517091
JPY,2025,7,171.745218
JPY,2025,8,171.798793
JPY,2025,9,173.566307
JPY,2025,10,175.993765
JPY,2025,11,179.310189
JPY,2025,12,182.710027
TRY,2016,1,3.260592
TRY,2016,2,3.269769
TRY,2016,3,3.209321
TRY,2016,4,3.214995
TRY,2016,5,3.322875
TRY,2016,6,3.280268
TRY,2016,7,3.284615
TRY,2016,8,3.317237
TRY,2016,9,3.324047
TRY,2016,10,3.388936
TRY,2016,11,3.548454
TRY,2016,12,3.690555
TRY,2017,1,3.967009
TRY,2017,2,3.904888
TRY,2017,3,3.92728
TRY,2017,4,3.912081
TRY,2017,5,3.942989
TRY,2017,6,3.949924
TRY,2017,7,4.097535
TRY,2017,8,4.147212
TRY,2017,9,4.131834
TRY,2017,10,4.318045
TRY,2017,11,4.56405
TRY,2017,12,4.55003
TRY,2018,1,4.597396
TRY,2018,2,4.675738
TRY,2018,3,4.795107
TRY,2018,4,4.986628
TRY,2018,5,5.22706
TRY,2018,6,5.40457
TRY,2018,7,5.56767
TRY,2018,8,6.795303
TRY,2018,9,7.379417
TRY,2018,10,6.705872
TRY,2018,11,6.10862
TRY,2018,12,6.037597
TRY,2019,1,6.124583
TRY,2019,2,5.982484
TRY,2019,3,6.191164
TRY,2019,4,6.476106
TRY,2019,5,6.764762
TRY,2019,6,6.573512
TRY,2019,7,6.372124
TRY,2019,8,6.282085
TRY,2019,9,6.302347
TRY,2019,10,6.401888
TRY,2019,11,6.347428
TRY,2019,12,6.500504
TRY,2020,1,6.580959
TRY,2020,2,6.614292
TRY,2020,3,7.012782
TRY,2020,4,7.434652
TRY,2020,5,7.569375
TRY,2020,6,7.668906
TRY,2020,7,7.855949
TRY,2020,8,8.591617
TRY,2020,9,8.889529
TRY,2020,10,9.332851
TRY,2020,11,9.449837
TRY,2020,12,9.38827
TRY,2021,1,9.010103
TRY,2021,2,8.587945
TRY,2021,3,9.101297
TRY,2021,4,9.779639
TRY,2021,5,10.178615
TRY,2021,6,10.398373
TRY,2021,7,10.177154
TRY,2021,8,9.987781
TRY,2021,9,10.075136
TRY,2021,10,10.693428
TRY,2021,11,12.187944
TRY,2021,12,15.223294
TRY,2022,1,15.328662
TRY,2022,2,15.456861
TRY,2022,3,16.075585
TRY,2022,4,15.931848
TRY,2022,5,16.455977
TRY,2022,6,17.939788
TRY,2022,7,17.764459
TRY,2022,8,18.238626
TRY,2022,9,18.15245
TRY,2022,10,18.266046
TRY,2022,11,18.978549
TRY,2022,12,19.744189
TRY,2023,1,20.24618
TRY,2023,2,20.18831
TRY,2023,3,20.332198
TRY,2023,4,21.225765
TRY,2023,5,21.479298
TRY,2023,6,25.512612
TRY,2023,7,29.216846
TRY,2023,8,29.376897
TRY,2023,9,28.836465
TRY,2023,10,29.43718
TRY,2023,11,30.963695
TRY,2023,12,31.754751
TRY,2024,1,32.822788
TRY,2024,2,33.229341
TRY,2024,3,34.814546
TRY,2024,4,34.716047
TRY,2024,5,34.867978
TRY,2024,6,35.085428
TRY,2024,7,35.712135
TRY,2024,8,37.096381
TRY,2024,9,37.834275
TRY,2024,10,37.358911
TRY,2024,11,36.655319
TRY,2024,12,36.663207
TRY,2025,1,36.759288
TRY,2025,2,37.658582
TRY,2025,3,40.01809
TRY,2025,4,42.786164
TRY,2025,5,43.779214
TRY,2025,6,45.468654
TRY,2025,7,47.077741
TRY,2025,8,47.584468
TRY,2025,9,48.507508
TRY,2025,10,48.744828
TRY,2025,11,48.901294
TRY,2025,12,50.015965
USD,2016,1,1.086531
USD,2016,2,1.110255
USD,2016,3,1.112455
USD,2016,4,1.133822
USD,2016,5,1.130242
USD,2016,6,1.124398
USD,2016,7,1.106476
USD,2016,8,1.120072
USD,2016,9,1.120637
USD,2016,10,1.104075
USD,2016,11,1.079586
USD,2016,12,1.053703
USD,2017,1,1.062243
USD,2017,2,1.064986
USD,2017,3,1.069239
USD,2017,4,1.070656
USD,2017,5,1.104907
USD,2017,6,1.122401
USD,2017,7,1.152159
USD,2017,8,1.181724
USD,2017,9,1.191682
USD,2017,10,1.175645
USD,2017,11,1.173523
USD,2017,12,1.183881
USD,2018,1,1.218579
USD,2018,2,1.235481
USD,2018,3,1.232932
USD,2018,4,1.228177
USD,2018,5,1.183199
USD,2018,6,1.167532
USD,2018,7,1.169287
USD,2018,8,1.154093
USD,2018,9,1.16507
USD,2018,10,1.149859
USD,2018,11,1.136597
USD,2018,12,1.137159
USD,2019,1,1.142001
USD,2019,2,1.135256
USD,2019,3,1.130447
USD,2019,4,1.123398
USD,2019,5,1.119174
USD,2019,6,1.129387
USD,2019,7,1.12247
USD,2019,8,1.113537
USD,2019,9,1.101883
USD,2019,10,1.105189
USD,2019,11,1.105775
USD,2019,12,1.110531
USD,2020,1,1.110785
USD,2020,2,1.091858
USD,2020,3,1.106977
USD,2020,4,1.087027
USD,2020,5,1.092001
USD,2020,6,1.125007
USD,2020,7,1.143897
USD,2020,8,1.182503
USD,2020,9,1.179359
USD,2020,10,1.176869
USD,2020,11,1.18371
USD,2020,12,1.216292
USD,2021,1,1.216983
USD,2021,2,1.209595
USD,2021,3,1.191048
USD,2021,4,1.19511
USD,2021,5,1.213948
USD,2021,6,1.204671
USD,2021,7,1.182689
USD,2021,8,1.177138
USD,2021,9,1.177812
USD,2021,10,1.159816
USD,2021,11,1.141091
USD,2021,12,1.130427
USD,2022,1,1.132515
USD,2022,2,1.134099
USD,2022,3,1.101
USD,2022,4,1.083068
USD,2022,5,1.056852
USD,2022,6,1.057404
USD,2022,7,1.020338
USD,2022,8,1.012215
USD,2022,9,0.991832
USD,2022,10,0.983173
USD,2022,11,1.020446
USD,2022,12,1.058458
USD,2023,1,1.078105
USD,2023,2,1.071106
USD,2023,3,1.070511
USD,2023,4,1.097741
USD,2023,5,1.088332
USD,2023,6,1.083723
USD,2023,7,1.105305
USD,2023,8,1.091422
USD,2023,9,1.068628
USD,2023,10,1.056598
USD,2023,11,1.080897
USD,2023,12,1.091675
USD,2024,1,1.0917
USD,2024,2,1.079429
USD,2024,3,1.08704
USD,2024,4,1.072592
USD,2024,5,1.080702
USD,2024,6,1.076537
USD,2024,7,1.085108
USD,2024,8,1.101472
USD,2024,9,1.110738
USD,2024,10,1.09037
USD,2024,11,1.063602
USD,2024,12,1.047892
USD,2025,1,1.034781
USD,2025,2,1.041182
USD,2025,3,1.078858
USD,2025,4,1.122069
USD,2025,5,1.12757
USD,2025,6,1.151768
USD,2025,7,1.169807
USD,2025,8,1.164684
USD,2025,9,1.173166
USD,2025,10,1.164811
USD,2025,11,1.156443
USD,2025,12,1.171199
ZAR,2016,1,17.690853
ZAR,2016,2,17.546772
ZAR,2016,3,17.119814
ZAR,2016,4,16.577943
ZAR,2016,5,17.276883
ZAR,2016,6,16.980487
ZAR,2016,7,15.952515
ZAR,2016,8,15.411897
ZAR,2016,9,15.813504
ZAR,2016,10,15.386315
ZAR,2016,11,15.079947
ZAR,2016,12,14.620727
ZAR,2017,1,14.433898
ZAR,2017,2,14.046302
ZAR,2017,3,13.846536
ZAR,2017,4,14.385314
ZAR,2017,5,14.658919
ZAR,2017,6,14.473964
ZAR,2017,7,15.119808
ZAR,2017,8,15.656189
ZAR,2017,9,15.662763
ZAR,2017,10,16.087894
ZAR,2017,11,16.559006
ZAR,2017,12,15.544263
ZAR,2018,1,14.875597
ZAR,2018,2,14.610134
ZAR,2018,3,14.603105
ZAR,2018,4,14.838005
ZAR,2018,5,14.81816
ZAR,2018,6,15.489977
ZAR,2018,7,15.673104
ZAR,2018,8,16.231522
ZAR,2018,9,17.197126
ZAR,2018,10,16.704599
ZAR,2018,11,16.049128
ZAR,2018,12,16.235759
ZAR,2019,1,15.841431
ZAR,2019,2,15.645672
ZAR,2019,3,16.256934
ZAR,2019,4,15.891191
ZAR,2019,5,16.118393
ZAR,2019,6,16.470864
ZAR,2019,7,15.778477
ZAR,2019,8,16.870425
ZAR,2019,9,16.386407
ZAR,2019,10,16.459298
ZAR,2019,11,16.37779
ZAR,2019,12,16.004415
ZAR,2020,1,15.965692
ZAR,2020,2,16.409973
ZAR,2020,3,18.412814
ZAR,2020,4,20.209336
ZAR,2020,5,19.861578
ZAR,2020,6,19.270116
ZAR,2020,7,19.189878
ZAR,2020,8,20.364829
ZAR,2020,9,19.730154
ZAR,2020,10,19.367445
ZAR,2020,11,18.405012
ZAR,2020,12,18.118913
ZAR,2021,1,18.38237
ZAR,2021,2,17.875759
ZAR,2021,3,17.855362
ZAR,2021,4,17.250563
ZAR,2021,5,17.093671
ZAR,2021,6,16.753097
ZAR,2021,7,17.142902
ZAR,2021,8,17.418891
ZAR,2021,9,17.150946
ZAR,2021,10,17.245698
ZAR,2021,11,17.731063
ZAR,2021,12,17.944154
ZAR,2022,1,17.575064
ZAR,2022,2,17.277917
ZAR,2022,3,16.499836
ZAR,2022,4,16.230556
ZAR,2022,5,16.799789
ZAR,2022,6,16.708451
ZAR,2022,7,17.142946
ZAR,2022,8,16.903682
ZAR,2022,9,17.400178
ZAR,2022,10,17.810828
ZAR,2022,11,17.840329
ZAR,2022,12,18.303072
ZAR,2023,1,18.397158
ZAR,2023,2,19.160998
ZAR,2023,3,19.566595
ZAR,2023,4,19.91051
ZAR,2023,5,20.732301
ZAR,2023,6,20.338417
ZAR,2023,7,20.154055
ZAR,2023,8,20.460239
ZAR,2023,9,20.266552
ZAR,2023,10,20.124298
ZAR,2023,11,20.031752
ZAR,2023,12,20.31839
ZAR,2024,1,20.488455
ZAR,2024,2,20.511657
ZAR,2024,3,20.515028
ZAR,2024,4,20.253896
ZAR,2024,5,19.892128
ZAR,2024,6,19.838306
ZAR,2024,7,19.774212
ZAR,2024,8,19.881604
ZAR,2024,9,19.560931
ZAR,2024,10,19.146799
ZAR,2024,11,19.05305
ZAR,2024,12,19.087603
ZAR,2025,1,19.388491
ZAR,2025,2,19.249591
ZAR,2025,3,19.748167
ZAR,2025,4,21.231798
ZAR,2025,5,20.439208
ZAR,2025,6,20.573346
ZAR,2025,7,20.763162
ZAR,2025,8,20.637828
ZAR,2025,9,20.4647
ZAR,2025,10,20.145621
ZAR,2025,11,19.934609
ZAR,2025,12,19.721295
